,Date,UserName,Tweet,Source of Tweet,Number of Likes,Retweet,Replies,Quote,Media,Location,Coordinates
0,2022-09-25 14:41:01+00:00,janhati1,@africa1_celeb @MercedesAMGF1 Stolen car from South Africa,Twitter for Android,0,0,0,0,,Proudly limpopian,
1,2022-09-15 09:46:30+00:00,RonnyLedwaba,@AfricaFactsZone The most stolen car in south Africa.,Twitter for Android,8,2,1,0,,Florapark and Pta east,
2,2022-09-15 08:39:27+00:00,Khumbu_M,@AfricaFactsZone You forgot to mention  that it is the most stolen car in South Africa.,Twitter for iPhone,2,0,0,0,,"Pretoria, South Africa",
3,2022-09-13 09:41:38+00:00,bigirwenkya,@SamsonKasumba @MarthaKayug She was given a stolen car from uk or south africa and now authorkities took it away,Twitter for Android,0,0,0,0,,,
4,2022-09-10 12:27:53+00:00,thegreatSamaita,Most hijacked / stolen car in South Africa?,Twitter for Android,1,0,1,1,,APRIL TWELFTH HQ,
5,2022-09-07 09:41:16+00:00,Ketso28,"‚ÄúWe went on a date with a stolen car‚Äù 

2 months earlier : ‚ÄúSouth Africa is not safe for women. The car hijackings terrify me üíî‚Äù 

Lmao.",Twitter for iPhone,402,127,6,7,,,
6,2022-09-04 22:26:38+00:00,Hakan__ULUDAG,@SquillMama Stolen car and robbery. We are used to it from south africa.,Twitter for Android,2,0,0,0,,Planet Earth,
7,2022-08-19 13:39:02+00:00,wahsa10_lwah,@IOL Illegitimate research. Rather research on most reported stolen car models/brands cars on twitter in South Africa.,Twitter Web App,0,0,0,0,,,
8,2022-08-16 17:41:37+00:00,Marikie_ZA,"Interesting headline, What the Fak is ..driver of a South Africa-bound?? Just say a Zimbabwean driving a stolen car https://t.co/QjsHKOPf0o",Twitter for iPhone,55,22,1,1,,,
9,2022-06-09 13:14:46+00:00,RantsSouth,https://t.co/Njoe3O0hUU | Defence demands access to clearer image of person behind wheel of Meghan Cremer's stolen car - Learn about cryptocurrency and the stock market for FREE at https://t.co/lkFxXY9td9 #southafrica #southafricanews #mzansi #bitcoin #stockmarket https://t.co/jOHtbxDmep,IFTTT,0,0,2,0,"[Photo(previewUrl='https://pbs.twimg.com/media/FU0DV5VWAAEKBqY?format=jpg&name=small', fullUrl='https://pbs.twimg.com/media/FU0DV5VWAAEKBqY?format=jpg&name=large')]","Johannesburg, South Africa",
10,2022-06-05 08:45:07+00:00,luckywisel,@BendamiMatodzi @TMathebaMasenya @NeoModihapula @CartrackZA It's not easy finding stolen car in South Africa because the police never look for it some kns where the car is been chopped i lost toyota yaris 3years ago at that time some people where asking m,Twitter for Android,0,0,1,0,,Auckland Park South Africa ,
11,2022-04-04 10:56:38+00:00,DavidDmonyepao,"@EversonLuhanga Most Zimbabweans are making an honest living in South Africa, someone just took advantage of these guys and sold a stolen car to them. I don't see a reason why the police have to mention that they are Zimbabwean nationals. This is really i",Twitter for Android,3,0,0,0,,Pretoria,
12,2022-03-02 07:36:59+00:00,jabsils,"@TifJs @Dashcampros @nomashishini @Shell @bp_SouthAfrica @SasolSA @TotalEnergies @FatalMoves Might be a stolen car that was low on fuel, if that‚Äôs the case then he wouldn‚Äôt care about the damage",Twitter for iPhone,2,0,0,0,,"Johannesburg, South Africa",
13,2022-03-02 06:22:19+00:00,ReezyH_,"@_SonOfMars In South Africa you can cross the border with a stolen car, hiding missing firearms, stashed to brim with drugs while smuggling underage girls. Alive with possibilities ‚ù§Ô∏è",Twitter for iPhone,0,0,1,0,,"Cape Town, South Africa",
14,2022-02-25 12:14:45+00:00,RantsSouth,https://t.co/Njoe3O0hUU | Man arrested after allegedly being found with suspected stolen car parts worth R250 000 - Learn about cryptocurrency and the stock market for FREE at https://t.co/lkFxXY9td9 #southafrica #southafricanews #mzansi #bitcoin #stockmarket https://t.co/8gtfLnlOcI,IFTTT,0,0,1,0,"[Photo(previewUrl='https://pbs.twimg.com/media/FMcQQyYWYAc18RM?format=jpg&name=small', fullUrl='https://pbs.twimg.com/media/FMcQQyYWYAc18RM?format=jpg&name=large')]","Johannesburg, South Africa",
15,2022-02-25 11:40:29+00:00,Austynzogs,"@Gidi_Traffic A 36-yr-old Nigerian national has been arrested after suspected stolen car parts worth R250 000 were found at his workplace in the Joburg CBD, South Africa. SA Police inspected their books &amp; found out that tail lights &amp; headlights we",Twitter Web App,0,0,0,0,"[Photo(previewUrl='https://pbs.twimg.com/media/FMcIY_mXIAocrc_?format=jpg&name=small', fullUrl='https://pbs.twimg.com/media/FMcIY_mXIAocrc_?format=jpg&name=large'), Photo(previewUrl='https://pbs.twimg.com/media/FMcIZAAWYAIU124?format=jpg&name=small', fullUrl='https://pbs.twimg.com/media/FMcIZAAWYAIU124?format=jpg&name=large'), Photo(previewUrl='https://pbs.twimg.com/media/FMcIZDLX0AY4bXl?format=jpg&name=small', fullUrl='https://pbs.twimg.com/media/FMcIZDLX0AY4bXl?format=jpg&name=large')]",Nigeria,
16,2022-02-19 17:10:27+00:00,ThaboKhumal,"2 illegal immigrants with stolen car pretending to be uber drivers.

They grabbed about 4 phones from drunk while waiting for their users outside club in Ilovo.

@PresidencyZA and @Julius_S_Malema your foreigners are destroying our country.

#PutSouthAfricaFirst #OperationDudula https://t.co/kxHi6wed7q",Twitter for Android,16,10,1,0,"[Video(thumbnailUrl='https://pbs.twimg.com/ext_tw_video_thumb/1495083327434407940/pu/img/rxn-MbRbmiTAE9R7.jpg', variants=[VideoVariant(contentType='video/mp4', url='https://video.twimg.com/ext_tw_video/1495083327434407940/pu/vid/352x640/uy5NHDm-Gj-hpUUV.mp4?tag=12', bitrate=950000), VideoVariant(contentType='video/mp4', url='https://video.twimg.com/ext_tw_video/1495083327434407940/pu/vid/320x580/bMlDCBVOGtycRmgP.mp4?tag=12', bitrate=632000), VideoVariant(contentType='application/x-mpegURL', url='https://video.twimg.com/ext_tw_video/1495083327434407940/pu/pl/527yTCL4NjUWLmw5.m3u8?tag=12&container=fmp4', bitrate=None)], duration=12.858, views=705)]",,
17,2022-02-18 23:05:45+00:00,KennedyMmari,"‚ÄúA black child trauma, is not a trauma. We (South Africa) are still a traumatized nation, if you don‚Äôt know. The land has not been returned into the hands of the rightful owners.  

For as long as you are in a possession of a stolen car, you remain a criminal‚Äù

- @Julius_S_Malema",Twitter for iPhone,68,13,10,5,,Africa,
18,2022-01-29 19:45:00+00:00,havocacious,@Abramjee I think its time to give life sentences to those who buy these cars in the black market. Anyone found with a stolen car must be thrown to jail for life. But I still think South Africa needs a new leadership to run her affairs - those in power no,Twitter Web App,66,4,3,0,,South Africa,
19,2021-12-17 12:01:53+00:00,Thibottouch,@RSAStolenCars Problem is in South Africa you can drive around with a stolen car(even if it's advertised as stolen on Tv) for many years as long as you produce a driver's license.,Twitter for Android,12,1,0,0,,Klerksdorp,
20,2021-12-14 13:05:31+00:00,tumeloditle,The most stolen car in South Africa is iPhone,Twitter for Android,0,0,0,0,,Pretoria ,
21,2021-12-10 16:20:19+00:00,Dr_Kgaule,"The first two places to search for your stolen car in South Africa are ""Scrap yards"" and ""Panel beaters"". Thank Me later üñ§ https://t.co/Bh6vjxXLYZ",Twitter for Android,79,13,3,1,"[Photo(previewUrl='https://pbs.twimg.com/media/FGQmDABWQAMTR2k?format=jpg&name=small', fullUrl='https://pbs.twimg.com/media/FGQmDABWQAMTR2k?format=jpg&name=large')]",Afrikaüåç,
22,2021-12-05 11:36:16+00:00,ChrisMumbeck,"@aBadNegro_ZA @TabulaRastaZA @JustXavierB @ASD_SouthAfrica @BiancavanWyk16 If I sell you a stolen car, it is easy for the police and original owner to prove it, but not necessarily easy for you to know that it was stolen. (Especially when the police have ",Twitter Web App,0,0,1,0,,"Cape Town, South Africa",
23,2021-09-14 21:08:37+00:00,King_Sire_,"@austinaustino34 This is why you should pay your insurance guys, and avoid asking the whole South Africa to look for your stolen car. This type of car would cost you around R200 for theft and high jacking.",Twitter for Android,0,0,0,0,,,
24,2021-07-21 08:58:47+00:00,thusi_nomzamo,@Sispals @PresidencyZA So they must loot from the looters is it lawfully to destroy a stolen car and loot from a ‚Äúlooter‚Äù could that car not be turned over to police so it could be recovered by the owner ? You speak crap üí© hiding behind a fake prof,Twitter for iPhone,0,0,3,0,,"Pretoria, South Africa",
25,2021-06-06 19:15:28+00:00,estjoh51,"@Abramjee I begin to think I must stop saving to replace my stolen car......stay without driving around and stay alive! It's sad what South Africa had become.....safe for nobody, except thieves.",Twitter for Android,1,0,0,0,,South Africa   Joined 2012,
26,2021-04-25 08:14:29+00:00,oupasean,@zeeya_m77 @siyamtitshana Toyota Hilux is a number one wanted car by hijackers. It's a number one stolen car in South Africa. You own it...put two trackers or own a GUN!,Twitter for Android,3,0,2,0,,Johannesburg Florida,
27,2021-04-21 15:36:53+00:00,GHOSTBREATH1,"@Woman50787515 In South Africa we have traffic police that are different from our real police, and they also carry guns. Once I asked a female cop why, and she told me the day before a group of gangsters opened fire on them when they saw the cops, as they",Twitter Web App,0,0,1,0,,,
28,2021-02-10 09:50:22+00:00,enocksikolia,"Stolen: 
Car thieves in South Africa, stole a car, removed the tracker and put it in Grandma's bag... ""We've never seen such a slow-moving car"", said a police operative. https://t.co/qnXtPd8S21",Twitter for Android,20,8,7,1,"[Photo(previewUrl='https://pbs.twimg.com/media/Et2zETZXUAQh-NB?format=jpg&name=small', fullUrl='https://pbs.twimg.com/media/Et2zETZXUAQh-NB?format=jpg&name=large')]","Nairobi, Kenya",
29,2021-01-25 23:51:32+00:00,xiluvajossias,"@DustSamuel @PresidencyZA Unless you're the owner of the stolen car, you should be minding your own business right now.",Twitter Web App,0,0,0,0,,,
30,2021-01-23 19:59:07+00:00,CeeTalking,"@PieterVorster9 @BiancavanWyk16 @Another_craig @IRR_SouthAfrica @mikeschussler üòÇüòÇüòÇ! 
Who did they buy that Property from? Another White Person? Who got it from where? 

If your car is stolen and sold 5 times over to different people, it still rem",Twitter for Android,0,0,2,0,,South Africa,
31,2020-12-06 06:32:00+00:00,DCMarobela1,"@Mavhure There are hundred of stolen cars from South Africa in Mozambique and we make this like all the stolen car were recovered. Only if we arrest officials from both sides of borders and bring those cars back to South Africa, I will applaud the system.",Twitter for Android,1,0,0,0,,Dawn Park,
32,2020-12-05 18:04:08+00:00,GistReel,"Stolen car covered with brooms busted while being transported from South Africa 

 https://t.co/sz43PD5xMI",Twitter for iPhone,22,2,0,3,"[Video(thumbnailUrl='https://pbs.twimg.com/ext_tw_video_thumb/1335259785416019970/pu/img/jCiHZeE-rVYKX4F4.jpg', variants=[VideoVariant(contentType='application/x-mpegURL', url='https://video.twimg.com/ext_tw_video/1335259785416019970/pu/pl/pMoWj05kUV3bIuRz.m3u8?tag=10', bitrate=None), VideoVariant(contentType='video/mp4', url='https://video.twimg.com/ext_tw_video/1335259785416019970/pu/vid/352x640/mKggmWMGcbGCIQXG.mp4?tag=10', bitrate=832000), VideoVariant(contentType='video/mp4', url='https://video.twimg.com/ext_tw_video/1335259785416019970/pu/vid/320x580/9l30i0kiXzYiAcgQ.mp4?tag=10', bitrate=632000)], duration=69.782, views=2652)]",,
33,2020-10-29 11:35:00+00:00,dladlosi,@GP_CommSafety This is a stolen car...South Africa is too kind,Twitter for Android,0,0,0,0,,"Mpumalanga, South Africa",
34,2020-10-16 03:32:09+00:00,Dijosti,@_TheRuleOfLaw @IOL Three armed men in a stolen car? And you still talk about Police brutality? South Africa doesn't need your type who glorify and promote criminals. üòè,Twitter for Android,0,0,0,0,,Global citizen,
35,2020-09-29 17:15:21+00:00,danielmarven,"Stolen Car Alert üì¢üì¢‚ö†Ô∏è‚ö†Ô∏è

Mavuso care was stolen today at Highveld mall, if anyone see it contact the police.

Let's make South Africa a great country https://t.co/h24KnudRwa",Twitter for Android,44,63,6,1,"[Photo(previewUrl='https://pbs.twimg.com/media/EjGT4DvWAAEKbpS?format=jpg&name=small', fullUrl='https://pbs.twimg.com/media/EjGT4DvWAAEKbpS?format=jpg&name=large')]","Pretoria, South Africa",
36,2020-09-12 13:50:15+00:00,yansnigeria,South Africa Woman Gets Beaten Up After Her Husband Gifts Her Stolen Car Read more: https://t.co/t983JDCLyl https://t.co/IDMMw0bEMI,Twitter for iPhone,0,0,0,0,"[Photo(previewUrl='https://pbs.twimg.com/media/EhuBvIvXkAIbnru?format=jpg&name=small', fullUrl='https://pbs.twimg.com/media/EhuBvIvXkAIbnru?format=jpg&name=large')]",Nigeria,
37,2020-09-12 13:02:56+00:00,blogtrent,Woman in South Africa beaten up when husband unknowingly bought a stolen¬†car https://t.co/HSyNYIlYP6,WordPress.com,0,0,0,0,,Nigeria,
38,2020-09-09 05:55:03+00:00,iamledunco,....And the most stolen car in South Africa. https://t.co/XenHIfMmzT,Twitter for iPhone,2,1,1,0,,jozi'pitori ,
39,2020-09-06 17:38:04+00:00,Brexitbabe,"Just heard from a friend in South Africa who was mugged in a mall whilst buying vegetables. Identity documents stolen, car keys, bank account robbed by someone posing to work for @CheckersSA - caught on cctv but no case opened. Get a grip SA! Catch Your Thieves!",Twitter Web App,2,2,0,0,,,
40,2020-09-01 15:00:42+00:00,TheSAnews,"Edenvale: Woman, 76, 'dragged for kilometres' by hijackers in her stolen car https://t.co/FfXT6hIyxI #Edenvale #Hijacking #news #bsc #gauteng #hijack #southafrica",Buffer,0,0,1,0,,"London, Cape Town",
41,2020-09-01 14:10:02+00:00,southafricanmag,"Edenvale: Woman, 76, 'dragged for kilometres' by hijackers in her stolen car https://t.co/LazYK1BtbF #Edenvale #Hijacking #bsc #gauteng #hijack #southafrica #news",Buffer,0,0,0,0,,South Africa,
42,2020-08-23 10:08:54+00:00,_Yangafamily,""" Ghananian Bernard Morrison arrested over Stolen car in South Africa ""

Mo nazani mwizi wako ushamjua sasa ni Bm33 (Chori)üòÇ https://t.co/6gnIkhHbtN",Twitter for Android,0,0,0,0,"[Photo(previewUrl='https://pbs.twimg.com/media/EgGPc6TWoAEVBrs?format=jpg&name=small', fullUrl='https://pbs.twimg.com/media/EgGPc6TWoAEVBrs?format=jpg&name=large')]",Tanzania,"Coordinates(longitude=39.0081106, latitude=-7.1906489)"
43,2020-06-30 12:34:10+00:00,TMAhmed14,Stolen car scam in South Africa ‚Äì Criminals call you from jail https://t.co/8ovOivBMIQ via @mybroadband,Twitter for Android,0,0,0,0,,"Bloemfontein, South Africa",
44,2020-06-18 13:11:26+00:00,shlangak,Stolen car scam in South Africa ‚Äì Criminals call you from jail https://t.co/zGfyob79mM via @mybroadband,Twitter Web App,0,0,0,0,,"Apha napha, jikelele nqu..",
45,2020-06-18 09:06:33+00:00,plagueonyou,"Stolen car scam in South Africa ‚Äì Criminals call you from jail https://t.co/R8c3WWQJB5 via @mybroadband ANC criminals are everywhere, whether police, prison or government. There's 26 years of solid evidence, no arrests , no trials. no chance.",Twitter Web App,0,0,0,0,,South Africa,
46,2020-06-18 07:39:41+00:00,_SammySA,Stolen car scam in South Africa ‚Äì Criminals call you from jail https://t.co/GnmNu0BSkv https://t.co/pZo1k10bbm,Buffer,2,5,0,0,"[Photo(previewUrl='https://pbs.twimg.com/media/Eax0XoDWoAAM2oW?format=jpg&name=small', fullUrl='https://pbs.twimg.com/media/Eax0XoDWoAAM2oW?format=jpg&name=large')]","Johannesburg, South Africa",
47,2020-06-17 16:08:27+00:00,mybroadband,Stolen car scam in South Africa - Criminals call you from jail https://t.co/HZa5ijhq7q,MyBroadband post to Twitter,3,4,0,0,,South Africa,
48,2020-06-02 11:54:11+00:00,LNgoyama,@SirLeoBDasilva Police can uncover many things if they want to. It took only 1 hour to recover my stolen car in south africa,Twitter for Android,0,0,1,0,,,
49,2020-05-31 05:34:18+00:00,kearabilwemash2,@FaithMazibukoSA @GP_CommSafety @GTP_Traffstats @GautengProvince @SAPoliceService @pinkienuma It took you 10 years to find a stolen car üòÇüòÇüôè bathong South Africa üòÇüòÇüòÇüòÇ it's safe to say you stumbled on it by chance,Twitter for Android,1,0,0,0,,pretoria ,
50,2020-05-07 08:05:04+00:00,MalawiPage,"@KhwereliwaPHIRI @noestlok Even stolen cars from South Africa are paid for, they are not free.
You will need to have MK25million to buy a MK50million stolen car.
Plus interpol doesn't really come around that way, these are old stories, even MRA guys have ",Twitter for Android,0,0,3,0,,Malawi,
51,2020-04-17 15:00:35+00:00,denialmustend,@JackD157 @vnwaneri @RediTlhabi @FloMasebe @maggsnaidu @Richard_Spoor @unathi_tete @Vernon242 @SAPoliceService @PresidencyZA @ParliamentofRSA @Heidi_Mollentze @LizzMeiring @HlomlaDandala What kind of training do these guys get these days? When you and I w,Twitter for iPhone,2,0,1,0,,Johannesburg ,
52,2020-02-27 17:21:50+00:00,andrew_lacIm,Some twat with a stolen car who parks like a doos and has a problem being black?  Welcome to south africa. https://t.co/BowKDvMuei,Twitter for Android,0,0,0,0,,Cape Town. Not canada.,
53,2020-02-17 18:08:39+00:00,patrick01213,"@SowetanLIVE South Africans must know that law in other country's work and that is not South Africa were foreigners sell stolen car parts,drugs and chase police with stone and its normal next day - they must know they will regret https://t.co/hqUGJazsPa",Twitter for Android,0,0,0,0,"[Photo(previewUrl='https://pbs.twimg.com/media/EQ_yWkcW4AA3KOl?format=jpg&name=small', fullUrl='https://pbs.twimg.com/media/EQ_yWkcW4AA3KOl?format=jpg&name=large')]",South Africa,
54,2020-02-14 05:51:50+00:00,themzvryman,Imagine on a holiday in Mozambique and you spot your stolen car from South Africa. https://t.co/AOvGZjDKyk,Twitter for iPhone,0,0,0,0,"[Photo(previewUrl='https://pbs.twimg.com/media/EQts8nJU0AATkVJ?format=jpg&name=small', fullUrl='https://pbs.twimg.com/media/EQts8nJU0AATkVJ?format=jpg&name=large')]",South Africa,
55,2020-02-13 07:49:42+00:00,FortuneThembo,Be on the lookout for this STOLEN car stolen in South Africa in Cosmo City area in Johannesburg. Botswana registration B378BGZ. #stolencarrsa @crimeairnetwork @SAPoliceService @lead_sa https://t.co/4w0ucWJpZI,Twitter for Android,0,0,0,1,"[Photo(previewUrl='https://pbs.twimg.com/media/EQo-Ve3X0AA_Ml_?format=jpg&name=small', fullUrl='https://pbs.twimg.com/media/EQo-Ve3X0AA_Ml_?format=jpg&name=large'), Photo(previewUrl='https://pbs.twimg.com/media/EQo-V4mXkAAFVDI?format=jpg&name=small', fullUrl='https://pbs.twimg.com/media/EQo-V4mXkAAFVDI?format=jpg&name=large')]","Johannesburg, South Africa",
56,2020-01-31 13:47:27+00:00,EzazSidat,@Abramjee stolen car in South Africa recovered at the South African border on the way to Maputo https://t.co/lwKFY6l7Wj,Twitter for iPhone,0,0,0,0,"[Photo(previewUrl='https://pbs.twimg.com/media/EPnTiqVWoAAhpDc?format=jpg&name=small', fullUrl='https://pbs.twimg.com/media/EPnTiqVWoAAhpDc?format=jpg&name=large'), Photo(previewUrl='https://pbs.twimg.com/media/EPnTiqYWoAAUDNJ?format=jpg&name=small', fullUrl='https://pbs.twimg.com/media/EPnTiqYWoAAUDNJ?format=jpg&name=large'), Photo(previewUrl='https://pbs.twimg.com/media/EPnTiqQW4AAy2J7?format=jpg&name=small', fullUrl='https://pbs.twimg.com/media/EPnTiqQW4AAy2J7?format=jpg&name=large'), Photo(previewUrl='https://pbs.twimg.com/media/EPnTiqYW4AUGxO0?format=jpg&name=small', fullUrl='https://pbs.twimg.com/media/EPnTiqYW4AUGxO0?format=jpg&name=large')]",,
57,2020-01-11 18:23:17+00:00,Tee_Ramz,This is a beauty but then I remember that Toyota is the most stolen car in South Africa. https://t.co/i2jClWzYQa,Twitter for iPhone,0,0,1,0,,South Africa,
58,2019-12-31 19:31:07+00:00,Dorothy73033114,"@landback_ That one is a lie because you can't drive a stolen car in Zimbabwe 

Ask anyone, they will tell you it's impossible, unless if you say Zimbabweans are stealing cars in South Africa and use those cars in South Africa",Twitter for Android,0,0,0,0,,United Kingdom,
59,2019-12-05 13:16:12+00:00,JustJosh132,@lyndaphoenix_ Best selling car in South Africa and also the most stolen car. It's affordability etc makes it the car of choice for many  ü§¶üèæ‚Äç‚ôÇÔ∏è,Twitter for Android,0,0,0,0,,A tea party. ,
60,2019-11-14 16:33:01+00:00,SiyanyovaGP,"@MrembuloO @TSault5 @AndileTobo @Moneri_Mathekga @vladi_moskov @MzwaneleManyi @pietrampedi @AfricanChildSo1 @NKagcugcwa @AlkebulanThe @simbatcmukau @BLF_SouthAfrica Yeap like a stolen car, the thieves will change it to suite and disguise it to their benef",Twitter for Android,1,1,2,0,,"Josaaahannesburg, South Africa",
61,2019-10-13 09:56:49+00:00,stolenvehicleza,"Go to https://t.co/acofUI083m and add the details of your stolen car, motorcycle or truck there. Anyone buying can go onto the website and do a check to see if it was stolen or not. #southafrica #crime #stolencar #hijack #helpingeachother https://t.co/LhHB8HSVmh",Twitter for Android,0,0,0,0,"[Photo(previewUrl='https://pbs.twimg.com/media/EGv_4giXkAERzET?format=jpg&name=small', fullUrl='https://pbs.twimg.com/media/EGv_4giXkAERzET?format=jpg&name=large')]","Johannesburg, South Africa",
62,2019-09-02 13:52:06+00:00,LeonNel10718375,"@cctvidiots Yes that was in South Africa, that 1 white lady can sort 5 criminals out. Arriving with a stolen car....and then left with nothing. ü§£üòÇüáøüá¶",Twitter for Android,2,0,0,0,,South Africa,
63,2019-09-02 09:38:18+00:00,SirLetshela,"So some guys burned Nigerian workshop in Jules, after he found stolen car.

As per by-stander.....

Is this xenophobia in South Africa?
#sabcnews 
#etolls 
#powerbreakfast 
#Tembisa 
#JoburgCBD https://t.co/qunNs6lTYU",Twitter for Android,25,26,14,2,"[Video(thumbnailUrl='https://pbs.twimg.com/ext_tw_video_thumb/1168458013344247809/pu/img/5999q7YMy4bZNE3v.jpg', variants=[VideoVariant(contentType='video/mp4', url='https://video.twimg.com/ext_tw_video/1168458013344247809/pu/vid/636x360/9Q2Z6LxT8z6lCNrs.mp4?tag=10', bitrate=832000), VideoVariant(contentType='video/mp4', url='https://video.twimg.com/ext_tw_video/1168458013344247809/pu/vid/476x270/t1krqAHMwKOGjD4K.mp4?tag=10', bitrate=256000), VideoVariant(contentType='video/mp4', url='https://video.twimg.com/ext_tw_video/1168458013344247809/pu/vid/848x480/wkSNbzjmQJG2noZN.mp4?tag=10', bitrate=2176000), VideoVariant(contentType='application/x-mpegURL', url='https://video.twimg.com/ext_tw_video/1168458013344247809/pu/pl/GJ_GfrmqsnudwPXQ.m3u8?tag=10', bitrate=None)], duration=6.267, views=5652)]","Krugersdorp, South Africa",
64,2019-08-28 10:08:20+00:00,stolenvehicleza,"Over the last couple of days we spent a lot of time updating our website. Changes include a new look, a more streamlined process, a simpler sign-up form, and also an API. Please go have a look! #stolen #car #stolencars #hijacking #theft #southafrica #pretoriacbd  #stolenbikes",Twitter for Android,0,0,0,0,,"Johannesburg, South Africa",
65,2019-08-26 20:20:46+00:00,masagwadi,"@Bernie_Slander @zmobilefashion @PresidencyZA @CyrilRamaphosa @antonioguterres Here is a brief RSA history. Blacks land was taken by force and killings, latter sold to or just taken by primary whites. The best solution is not for blacks to go take back th",Twitter Web App,0,1,0,0,,South Africa,
66,2019-07-30 07:45:49+00:00,Hot_96Kenya,"Stolen car dismantled by thieves under 3 hours in Johannesburg, South Africa. https://t.co/jjzSiShWJq",TweetDeck,12,3,5,2,"[Photo(previewUrl='https://pbs.twimg.com/media/EAtSo6jW4AAZUSr?format=jpg&name=small', fullUrl='https://pbs.twimg.com/media/EAtSo6jW4AAZUSr?format=jpg&name=large'), Photo(previewUrl='https://pbs.twimg.com/media/EAtSo6sWsAAbYDO?format=jpg&name=small', fullUrl='https://pbs.twimg.com/media/EAtSo6sWsAAbYDO?format=jpg&name=large'), Photo(previewUrl='https://pbs.twimg.com/media/EAtSpY_XsAAEn0U?format=jpg&name=small', fullUrl='https://pbs.twimg.com/media/EAtSpY_XsAAEn0U?format=jpg&name=large')]","Nairobi, Kenya",
67,2019-07-05 11:16:29+00:00,Chat2Cars,"Kick off your Friday with our latest APP in town @channelstv 
@Chat2Cars we offer you; AntiTHEFT assist, ROADSIDE assist,Report/FIND your STOLEN car, CALL &amp; CHAT by number plate.@InnovationAfrica
#ChatBuySell #Automation #Innovation #SouthAfrica #TGIF https://t.co/rao7JfEtIl",Twitter Web Client,0,1,0,0,"[Video(thumbnailUrl='https://pbs.twimg.com/ext_tw_video_thumb/1147100428041097217/pu/img/z0yUozcK-O5RVIsz.jpg', variants=[VideoVariant(contentType='video/mp4', url='https://video.twimg.com/ext_tw_video/1147100428041097217/pu/vid/480x270/Fm_5a5868lfbKdNV.mp4?tag=10', bitrate=256000), VideoVariant(contentType='video/mp4', url='https://video.twimg.com/ext_tw_video/1147100428041097217/pu/vid/640x360/xvdo4MbG-XuBWYN9.mp4?tag=10', bitrate=832000), VideoVariant(contentType='application/x-mpegURL', url='https://video.twimg.com/ext_tw_video/1147100428041097217/pu/pl/ulPNllSgj-5N4wKD.m3u8?tag=10', bitrate=None), VideoVariant(contentType='video/mp4', url='https://video.twimg.com/ext_tw_video/1147100428041097217/pu/vid/1280x720/qH4UBPv2bMZ32M0i.mp4?tag=10', bitrate=2176000)], duration=52.5, views=26)]",South Africa,"Coordinates(longitude=16.4475932, latitude=-34.8342468)"
68,2019-06-24 18:26:35+00:00,teecee_sambo,"Do you know that polo Vivo is the most stolen car in South Africa

Tee Cee Quotes",Facebook,0,0,0,0,,soweto,
69,2019-06-19 17:10:34+00:00,Mister_Mudau,"@kpaswani @mash305 @Radio2000ZA There are a lot things the SANDF are not revealing. The soldiers response was justified. They are talking about ""gaps"" but won't say what these gaps are. The Mozambican Police are involved in stolen car smuggling into Mozam",Twitter Web App,0,0,1,0,,WorldWide,
70,2019-06-04 05:19:05+00:00,ziphimthombeni,"@Azania_Mhayise She was playing with friends, man called him, this man was identified by other kids who was playing with her, he was taken to custody, they questioned and questioned him it was later found that he was taken for a stolen car and that was th",Twitter Web App,0,0,0,0,,,
71,2019-05-15 18:17:31+00:00,johny_theblessd,@MissTinah_M VW is top 1 polo to be exact but it remains the most stolen car in South Africa. Especially if you reside in Gauteng. I10 is just perfect even i20,Twitter for Android,5,1,1,0,,"Cape Town, South Africa",
72,2018-12-30 06:57:09+00:00,Baahaaji,I liked a @YouTube video https://t.co/Al9LIRgUDp Against all odds NoJack recovers stolen car - South Africa,Google,0,0,0,0,,  Somewhere,
73,2018-12-07 08:51:52+00:00,gxops,@Aon_SouthAfrica @SantamInsurance Worst customer experience i have ever had. Stolen car and am busy running around looking for documents that the insurer can get. To top it off the claims agent is awol!!!!Insurers and Brokers are trash,Twitter for iPhone,0,0,1,0,,Johannesburg,
74,2018-11-30 03:14:34+00:00,Dithuli,"@freedomrideblog This sound like a typical South Africa scenario ,where a car hijacker complaining to the police that his stolen car got hijacked",Twitter Web Client,0,0,0,0,,"Cape Town, South Africa",
75,2018-11-29 17:21:00+00:00,Mywebsec,I liked a @YouTube video https://t.co/w3E8MxlP3h Against all odds NoJack recovers stolen car - South Africa,Google,0,0,0,0,,World ,
76,2018-11-21 07:54:12+00:00,El_Mariachi280,"@RT_com Don‚Äôt worry, this is a post once held by Jackie Selebi of South Africa. He was a criminal himself, being caught driving a stolen car with only criminals as friends. So clearly, this person is a poster boy with no say or power. If Jackie got the ",Twitter for iPhone,0,0,0,0,,The Republic of South-Africa,
77,2018-11-20 11:24:00+00:00,PyeparFaisal,"If you're buying a car in Africa, 70% chances are that it's a stolen car from South Africa.",TweetDeck,6,1,1,0,,"Kampala, Uganda",
78,2018-11-04 19:00:19+00:00,AracellisLyall,"5 Oct '18 
FARM MURDER: Norman Ludwig an elderly male victim (69), lived alone, bludgeoned to death. Small amount of cash taken and lightbulbs also stolen. Car lights smashed.Twee Riviere, Joubertina, EC, #SouthAfrica
https://t.co/TAwv8cGfa0 https://t.co/d48S6GK7Vi",Twitter Web Client,1,3,1,0,"[Photo(previewUrl='https://pbs.twimg.com/media/DrLZ_IcX0AAI-Ob?format=jpg&name=small', fullUrl='https://pbs.twimg.com/media/DrLZ_IcX0AAI-Ob?format=jpg&name=large')]",JHB | CPT          #MAGA #MAGAPOWERED #Trump2020  ,
79,2018-10-01 14:41:48+00:00,SimonFromSA,I liked a @YouTube video https://t.co/rXpvLFi4Pl GTA fails: Donkeys caught smuggling stolen car at South Africa-Zimbabwe border -,Google,0,0,0,0,,South Africa,
80,2018-09-25 12:40:32+00:00,HartBoere,"High Speed Stolen Car Chase with Motorbike &amp; Police - DAKAR clip 1 https://t.co/73By26qay4 
#SouthAfrica #Crime #HiJack",Twitter Web Client,0,1,0,0,,,
81,2018-09-08 05:03:15+00:00,anzero18,"@YondelaViti @Mngxitama @BLF_SouthAfrica This guy is trying so hard to be like Malema, he even used his example of a stolen car.",Twitter for Android,1,1,1,0,,Cape town,
82,2018-08-24 02:49:49+00:00,datsun_,@realDonaldTrump @SecPompeo @TuckerCarlson @FoxNews South Africa has a program to take back farms that white people stole from Black people and you're so concerned about the land being taken from the white people?!? Do you also get all bent when the polic,Twitter for Android,0,0,0,0,,"California, USA",
83,2018-06-02 09:47:37+00:00,da_vestor,@News24 The best stolen car in South Africa,Twitter for Android,1,0,2,0,,South Africa,
84,2018-05-10 05:30:14+00:00,Sipho_Nkosi,"@News24 The most stolen car brand in South Africa...no thanks for me, this brand can get you killed.",Twitter for iPhone,0,0,0,0,,"Midrand, South Africa",
85,2018-05-07 15:25:30+00:00,OPJoint,SOUTH AFRICA OMILA DRIVE STOLEN CAR STRAIGHT TO PRISON https://t.co/rbu9QmcaBS https://t.co/Y4N9RNGhI9,WordPress.com,0,0,0,0,"[Photo(previewUrl='https://pbs.twimg.com/media/DcmqCXUVMAARqdf?format=jpg&name=small', fullUrl='https://pbs.twimg.com/media/DcmqCXUVMAARqdf?format=jpg&name=large')]","Lagos, Nigeria",
86,2018-05-07 15:25:22+00:00,chiefOtota,SOUTH AFRICA OMILA DRIVE STOLEN CAR STRAIGHT TO PRISON https://t.co/inrym2Bee3 https://t.co/oKInoifCft,WordPress.com,0,0,0,0,"[Photo(previewUrl='https://pbs.twimg.com/media/DcmqAgqU0AAnkPf?format=jpg&name=small', fullUrl='https://pbs.twimg.com/media/DcmqAgqU0AAnkPf?format=jpg&name=large')]","Lagos, Nigeria",
87,2018-05-07 09:10:45+00:00,knowledgebl,South Africa:Cape Town Suspects Drive 'Stolen' Car Straight to Prison https://t.co/EzJdOpH0VN,dlvr.it,0,0,0,0,,,
88,2018-05-07 07:30:05+00:00,anamafalda1992,South Africa:Cape Town Suspects Drive 'Stolen' Car Straight to Prison https://t.co/ykffthW9gl #newspapers #feedly,Twitter Web Client,0,0,0,0,,,
89,2018-05-07 06:27:24+00:00,allafrica,Cape Town Suspects Drive 'Stolen' Car Straight to Prison: https://t.co/pBGmjxGnZY #SouthAfrica https://t.co/vUVMEg7muY,allAfrica.com,0,1,0,0,"[Photo(previewUrl='https://pbs.twimg.com/media/Dcku4J6XcAAZNp6?format=jpg&name=small', fullUrl='https://pbs.twimg.com/media/Dcku4J6XcAAZNp6?format=jpg&name=large')]",Africa,
90,2018-05-07 06:22:17+00:00,khalilhumam,South Africa:Cape Town Suspects Drive 'Stolen' Car Straight to Prison | Khalil Humam - https://t.co/xCtH7dT2Ka,KhalilHumam.com,0,0,0,0,,"Vancouver, British Columbia",
91,2018-05-07 06:17:14+00:00,Africa,South Africa:Cape Town Suspects Drive 'Stolen' Car Straight to Prison https://t.co/l4LgqTowpY,IFTTT,0,0,0,0,,,
92,2018-04-29 05:45:37+00:00,Siyabon68311663,"@MoratiwaSelepe @MakeSAsafe @Gomolem31729237 üò≤üò≤many times money been taken easilyüòâevery more or 2 weeks check your twitter stolen car,MakeSAsafe&amp;Riza etc""iyazihambela imali"" no security no police on the street nothingüòÜüòÜüòÜmara why Sout",Twitter Web App,0,1,1,0,,,
93,2018-04-03 10:47:32+00:00,CubaNoire,"News in South Africa always involve Death ,Burnt tyres ,Draught ,Death ,Weather ,Accidents and Parliament.

No fun shit like live footage of our fat cops in pursuit of a stolen car or something :-/",Facebook,0,0,0,0,,"Daveyton ,South Africa",
94,2018-02-28 21:23:26+00:00,yumz0527,"@Victor__Zwane @LA_Sonwabo @Missfeliciam Good question. I mean! how many people drive a blue Diahatsu in South Africa, and then he just decides to hide the one thing that might help find the ""stolen car"".
@LA_Sonwabo stop playing games with us man.",Twitter for Android,4,0,1,0,,"Johannesburg, South Africa",
95,2018-02-27 12:09:59+00:00,Hennie_rsa,"@Raymacfam1986 Lols stolen goods are being sold everyday e.g. Stolen car's, stolen food, stolen material etc and the ANC should remember that white people own 75% of the farms in South Africa then wonder how will this affect the economy of the countryüò•",Twitter for Android,0,0,1,0,,South Africa,
96,2018-02-26 22:59:05+00:00,KatMogotlane,"@CarsSouthAfrica @VolkswagenSA The most stolen car in South Africa...

Vw Polo!
Still like it...",Twitter for Android,2,1,0,0,,"Zebediela,Pretoria South Africa",
97,2018-02-15 05:43:24+00:00,snatchgonza,@CarsSouthAfrica and one  of the most stolen car in South Africa,Twitter for Android,1,0,0,0,,"Lebowakgomo, Limpopo",
98,2018-02-13 09:18:50+00:00,Spha_Makoba,Most stolen car In South Africa is VW Polo but people are still buying it. Putting a target at their back. It will never end @daily_thetha,Twitter for Android,1,0,0,0,,Ekasi,
99,2018-01-17 12:23:15+00:00,CartrackTz,"Cartrack is the only tracking company in Tanzania with Stolen car Recovery services , we also manufacture our own tracking devices in South Africa to ensure authenticity on our devices.  Welcome to get the intelligent solution. You deserve #peaceofmind
https://t.co/qBro2mEr3i",Twitter Web Client,2,1,0,0,,"Plot No.289,Chwaku Street,Mikocheni",
100,2017-12-08 14:32:11+00:00,WomenWheels,"With over 60 000 vehicles stolen in South Africa in 2016 alone, how do you make sure you're not buying a stolen car? https://t.co/9vUhcWYLbU",Buffer,3,0,0,1,,South Africa,
101,2017-12-04 10:25:02+00:00,Unhinged061,You know the most stolen car in South Africa and you still walk into the shop and spend your hard earned money on one of them,Twitter for iPhone,2,0,0,1,,25¬∞56‚Ä≤45‚Ä≥ S  28¬∞8‚Ä≤42‚Ä≥ E,
102,2017-08-29 05:17:50+00:00,sss_mncu,In South Africa we'r not sure why data is so expensive. So we won't just retweet for fun. NB It must be a missing person or stolen car. Qha! https://t.co/YYFTBaaGbZ,Twitter for Android,0,1,0,1,,"Estcourt, Durban, Ladysmith",
103,2017-08-04 15:29:33+00:00,TheAnt755,I liked a @YouTube video https://t.co/BaoZeOI7RZ GTA fails: Donkeys caught smuggling stolen car at South Africa-Zimbabwe border -,Google,0,0,0,0,,"Yonkers, New York, U.S.A.",
104,2017-07-24 19:15:15+00:00,MiningCharter,News24 - South Africa https://t.co/cumm3sbx17 | Stolen car gets stuck between shacks in Cape Town https://t.co/1DPhjnpz7n,Sprout Social,0,0,0,0,,"Pretoria, South Africa",
105,2017-06-30 17:35:55+00:00,NtuthukoKhoza,VW Polo is the most stolen car in South Africa. The manufacturer must do something now. @VolkswagenSA,Twitter for Android,0,0,3,0,,Newcastle üëâ JoziüëâMpumalanga,
106,2017-05-14 22:40:08+00:00,automobilpirate,Think that's the most stolen car in South Africa. VW Polo.,Twitter for Android,0,0,0,0,,The Driver‚Äôs Seat.,
107,2017-05-12 11:28:35+00:00,Skhu_man,South Africa's best selling car is also its most stolen car. #VW needs to do something about that... #PlatinumXperience,Twitter for Android,0,0,0,0,,"Roodepoort,South Africa",
108,2017-05-04 11:24:47+00:00,BwRoadSafety,"Stolen car alert in South Africa 
#BWRoadSafetyAlerts https://t.co/FwrCsQdvgs",Twitter for Android,2,4,1,0,"[Photo(previewUrl='https://pbs.twimg.com/media/C--ps-CWsAAVvgz?format=jpg&name=small', fullUrl='https://pbs.twimg.com/media/C--ps-CWsAAVvgz?format=jpg&name=large')]",Botswana,"Coordinates(longitude=19.9976747, latitude=-26.9070352)"
109,2017-05-03 08:57:37+00:00,ztvghanaonline,"Bernard Morrison, who plays for Orlando Pirates, has been arrested in South Africa for being in possession of a stolen car https://t.co/LP3M5dS7xR",TweetDeck,0,0,0,0,"[Photo(previewUrl='https://pbs.twimg.com/media/C-4-mOKXgAIxZ6b?format=jpg&name=small', fullUrl='https://pbs.twimg.com/media/C-4-mOKXgAIxZ6b?format=jpg&name=large')]","Accra, Ghana. Visit:",
110,2017-05-03 08:13:49+00:00,Joy997FM,"Bernard Morrison, who plays for Orlando Pirates, has been arrested in South Africa for being in possession of a stolen car

#JoySMS https://t.co/FTE7s36t4K",TweetDeck,3,4,0,0,"[Photo(previewUrl='https://pbs.twimg.com/media/C-40j9kXgAAUMiw?format=jpg&name=small', fullUrl='https://pbs.twimg.com/media/C-40j9kXgAAUMiw?format=jpg&name=large')]",Ghana,
111,2017-04-20 13:37:05+00:00,ghanaclass,Ghanaian footballer questioned in South Africa over stolen car https://t.co/nC5BRZcvSS,dlvr.it,0,0,0,0,,,
112,2017-04-20 07:24:58+00:00,FreemanYeboa,Bernard Morrison: Ghanaian footballer arrested in South Africa over stolen car https://t.co/BE5UTkfy9E,Twitter Web Client,0,0,0,0,,"Accra, Ghana",
113,2017-04-19 21:41:22+00:00,ourcrusader,Ghanaian Forward Bernard Morrison Nabbed In South Africa Over Stolen Car - https://t.co/JsIJBfF70k https://t.co/FqiXjaRSBR,LovingGH,0,0,0,0,"[Photo(previewUrl='https://pbs.twimg.com/media/C9znKBiV0AELorz?format=jpg&name=small', fullUrl='https://pbs.twimg.com/media/C9znKBiV0AELorz?format=jpg&name=large')]",,
114,2017-04-19 21:41:03+00:00,Sportscrusader,Ghanaian Forward Bernard Morrison Nabbed In South Africa Over Stolen Car - https://t.co/9gKMPwsZrL https://t.co/tkNsHNa3ps,sportscrusader,0,0,0,0,"[Photo(previewUrl='https://pbs.twimg.com/media/C9znFQsVwAA-usd?format=jpg&name=small', fullUrl='https://pbs.twimg.com/media/C9znFQsVwAA-usd?format=jpg&name=large')]",,
115,2017-04-19 21:23:33+00:00,Sokkaa_RSS,Ghanaian Forward Bernard Morrison Nabbed In South Africa Over Stolen Car https://t.co/lfhO7Kl6Uo https://t.co/au4VNghrC8,Twibble.io,0,0,0,0,"[Photo(previewUrl='https://pbs.twimg.com/media/C9zjE5gUAAAeoo0?format=jpg&name=small', fullUrl='https://pbs.twimg.com/media/C9zjE5gUAAAeoo0?format=jpg&name=large')]",,
116,2017-04-19 19:58:14+00:00,elcijero,SHOCKER: Ghanaian footballer Bernard Morrison arrested in South Africa over stolen car -  https://t.co/11lf4xUsau,elcijero news blog,0,0,0,0,,"Accra, Ghana",
117,2017-04-19 19:58:13+00:00,elcijero,SHOCKER: Ghanaian footballer Bernard Morrison arrested in South Africa over stolen car - https://t.co/11lf4xUsau https://t.co/qtcFAWJFmw,elcijero news blog,0,0,0,0,"[Photo(previewUrl='https://pbs.twimg.com/media/C9zPi0LXgAArczg?format=jpg&name=small', fullUrl='https://pbs.twimg.com/media/C9zPi0LXgAArczg?format=jpg&name=large')]","Accra, Ghana",
118,2017-04-19 19:16:19+00:00,modernghanaweb,SHOCKER: Ghanaian footballer Bernard Morrison arrested in South Africa over stolen car https://t.co/LWgEOZ2QvH,Hootsuite,0,0,0,0,,"Accra, Ghana",
119,2017-04-19 18:19:39+00:00,14Essel,Ghanaian footballer Bernard Morrison arrested in South Africa over stolen car https://t.co/FdZUYDxpky,dlvr.it,0,0,0,0,,| Accra | London | Abu Dhabi,
120,2017-04-19 18:14:24+00:00,Ghanasoccernet,SHOCKER: Ghanaian footballer Bernard Morrison arrested in South Africa over stolen car https://t.co/p4wtdAGP4N https://t.co/BfTMdNYmKl,dlvr.it,2,2,0,0,"[Photo(previewUrl='https://pbs.twimg.com/media/C9y3yKqUIAAG6OL?format=jpg&name=small', fullUrl='https://pbs.twimg.com/media/C9y3yKqUIAAG6OL?format=jpg&name=large')]",Ghana,
121,2017-04-19 17:56:15+00:00,GhLink,SHOCKER: Ghanaian footballer Bernard Morrison arrested in South Africa over stolen¬†car https://t.co/SQMq4fvCKL https://t.co/VckTLYYIlg,WordPress.com,0,0,0,0,"[Photo(previewUrl='https://pbs.twimg.com/media/C9yzoVqVoAAkXra?format=jpg&name=small', fullUrl='https://pbs.twimg.com/media/C9yzoVqVoAAkXra?format=jpg&name=large')]",Ghana,
122,2017-02-07 11:20:57+00:00,MrThizozo,Most stolen car make in South Africa ?,Twitter Web Client,0,1,0,0,,"Vaal , South Africa",
123,2017-02-02 14:08:36+00:00,clubOmozambique,"Stolen car recovered in Diepkloof, #SouthAfrica n police arrests Mozambicans, injures one #Mozambique https://t.co/r18a1gZo2B https://t.co/OUg4BuiIVm",Hootsuite,1,1,0,1,"[Photo(previewUrl='https://pbs.twimg.com/media/C3qmsv7WMAAZqPi?format=jpg&name=small', fullUrl='https://pbs.twimg.com/media/C3qmsv7WMAAZqPi?format=jpg&name=large')]","Maputo, Mozambique",
124,2017-02-01 18:31:44+00:00,stolenvehicleza,#stolen #car #motorcycle #truck #vehicle #vehicles #southafrica #secondhand #buying #theft #crime #hijack #website #launch #register https://t.co/pgqDQ4893s,Twitter for Android,0,1,1,1,"[Photo(previewUrl='https://pbs.twimg.com/media/C3mZVCrW8AAy2d3?format=jpg&name=small', fullUrl='https://pbs.twimg.com/media/C3mZVCrW8AAy2d3?format=jpg&name=large')]","Johannesburg, South Africa",
125,2017-01-24 05:31:11+00:00,Noisetechnician,@ZandiGal @mashiyanef @stolencarRSA pls join stolen car south africa on fb as well.,Twitter for Android,0,0,1,0,,Soweto,"Coordinates(longitude=28.0337951, latitude=-26.1291128)"
126,2017-01-18 06:06:43+00:00,BEAST_BULLY,"Most bought car in South Africa:Polo

Most stolen car in South Africa:Polo https://t.co/9et3h3FnBx",Twitter for iPhone,0,1,0,2,"[Photo(previewUrl='https://pbs.twimg.com/media/C2bojLJWQAArKSO?format=jpg&name=small', fullUrl='https://pbs.twimg.com/media/C2bojLJWQAArKSO?format=jpg&name=large')]","Johannesburg, South Africa",
127,2016-12-26 09:24:25+00:00,RSAzaNet,Stolen Car Destined For Zimbabwe Located In The Limpopo River https://t.co/jKcYoPKm0b #RSA #SouthAfrica,IFTTT,0,0,0,0,,,
128,2016-12-24 08:24:11+00:00,RSAzaNet,Cops recover stolen car in Limpopo river https://t.co/wLIIUh45AK #RSA #SouthAfrica,IFTTT,1,0,0,0,,,
129,2016-08-23 16:57:41+00:00,SATodayNews,Man fined R20000 for buying a stolen car with no papers https://t.co/lG5r2TKkjI via @SATodayNews #Goodwood #CarThieves #Crime #SouthAfrica,Twitter Web Client,1,0,0,0,,South Africa,
130,2016-07-14 08:31:41+00:00,stanis_wheels,"Man Uses Facebook To Find Stolen Car: A Lucky man in Durban, South Africa used Facebook to trace his stolen c... https://t.co/oRjDilLJUh",twitterfeed,0,0,0,0,,"Abuja, Nigeria",
131,2016-01-15 08:25:04+00:00,allafrica,South African Rapper Recovers Stolen Car Six Years Later https://t.co/VLuZH5injV #SouthAfrica https://t.co/Lg7DwryELO,allAfrica.com,0,3,0,0,"[Photo(previewUrl='https://pbs.twimg.com/media/CYv1krhWkAA2OpZ?format=jpg&name=small', fullUrl='https://pbs.twimg.com/media/CYv1krhWkAA2OpZ?format=jpg&name=large')]",Africa,
132,2015-12-16 21:53:10+00:00,bopheloselemix,This is the most stolen Car in SOUTH AFRICA....you can see the reason why they steal it that much...BMW... https://t.co/1iF7VGdaIv,Twitter for Android,0,0,0,0,"[Photo(previewUrl='https://pbs.twimg.com/media/CWYO1f0WIAULVI7?format=jpg&name=small', fullUrl='https://pbs.twimg.com/media/CWYO1f0WIAULVI7?format=jpg&name=large')]",Gaborone,"Coordinates(longitude=25.5452513, latitude=-24.3800032)"
133,2015-10-13 06:55:24+00:00,GFI_SA,The most stolen car in South Africa...... http://t.co/eqVMfUPY1r,Facebook,0,0,0,0,,Centurion ,
134,2015-09-29 11:09:57+00:00,_econorisk,The most stolen car in South Africa... http://t.co/um8GaRfCdV via @Fin24@BrettNSchultz,Twitter Web Client,0,2,0,0,,South Africa,
135,2015-09-19 06:55:05+00:00,alexandrejevic,"So according to statistics throughout South Africa , The Toyota Hilux is the most stolen car in the country currently.",Twitter for iPhone,0,7,2,0,,JHB || CPT,
136,2015-09-17 10:34:32+00:00,brokerforlife,The most stolen car in South Africa... http://t.co/FA1k3t9pXI,Facebook,0,0,0,0,,Pretoria,
137,2015-09-16 09:46:32+00:00,masesebe,I was thinking about #Golf  #Polo The most stolen car in South Africa... http://t.co/2tOjTnoPtZ (via ),Mobile Web (M2),0,0,0,0,,+27|+267|+254|+263|+233,
138,2015-09-16 06:48:02+00:00,SAItmuststop,The most stolen car in South Africa... http://t.co/0h0kK0UYft,Facebook,0,0,0,0,,South Africa,
139,2015-09-16 06:25:44+00:00,JoannePillar9,The most stolen car in South Africa... http://t.co/8MRrNd3eE4 via @Fin24,Twitter Web Client,0,0,0,0,,South Africa,
140,2015-09-15 12:14:33+00:00,TmanMjaji,The most stolen car in South Africa... http://t.co/wvKNuckUtI,Facebook,0,0,0,0,,"Pretoria, South Africa",
141,2015-09-15 11:02:24+00:00,TialTech,The most stolen #car in South Africa... http://t.co/X0y5D9KSaP @Fin24 @News24 @News24_Africa #insurance @InsuranceSharer #insurancenews,Hootsuite,0,2,0,0,,South Africa,
142,2015-09-15 10:30:12+00:00,ViralDotcoms,"The Most Stolen Car In South Africa...

Although car theft numbers have been falling in recent years, vehicle... http://t.co/R7aZ6gyPkC",Facebook,0,0,0,0,,,
143,2015-09-15 07:15:31+00:00,kane48,The most stolen car in South Africa... http://t.co/mVoVfBKjc7 via @Fin24,Mobile Web,0,0,0,0,,Cape Town,
144,2015-09-15 06:56:14+00:00,AyandaFelemZA,"Beware and be careful
The most stolen car in South Africa... http://t.co/K8vMJXTraY",Twitter Web Client,0,0,1,0,,"Qonce. Cape Town, South Africa",
145,2015-09-15 03:50:27+00:00,leoniepragtig,The most stolen car in South Africa... http://t.co/n1mpFdsHvM via @Fin24,Twitter Web Client,0,0,0,0,,"Howick, South Africa KZN",
146,2015-09-15 02:50:00+00:00,TonyK67,The most stolen car in South Africa... http://t.co/UzGVZYdZk8 via @Fin24,Twitter Web Client,0,0,0,0,,,
147,2015-09-14 20:41:45+00:00,qsure_sa,The most stolen car in South Africa... http://t.co/oGIsvrU1Tf via @Fin24,Mobile Web,0,0,0,0,,"Johannesburg, South Africa",
148,2015-09-14 19:05:40+00:00,MasilelaZee,The most stolen car in South Africa... http://t.co/CzuE7op7Vl (via ),Twitter for Android,0,0,0,0,,"Pretoria, South Africa",
149,2015-09-14 19:02:27+00:00,mua_insurance,The most stolen car in South Africa... http://t.co/yxCPXoccxi,Hootsuite,0,0,0,0,,"Cape Town, South Africa",
150,2015-09-14 18:31:36+00:00,pmungwari,The most stolen car in South Africa... http://t.co/u2h1tIeEIH (via ),Twitter for Android,0,0,0,0,,"Pretoria, South Africa",
151,2015-09-14 15:27:19+00:00,AjithS,The most stolen car in #SouthAfrica... | http://t.co/FPPs5f21Pi,Twitter Web Client,0,0,0,0,,Pretoria | South Africa,
152,2015-09-14 14:19:15+00:00,natfleetsol,The most stolen car in South Africa... http://t.co/upEb7IeaBi,Facebook,0,0,0,0,,,
153,2015-09-14 13:31:13+00:00,stephmoyo,"The most stolen car in South Africa... http://t.co/eq6wLVCXMp (via ) and when these guys approach you they indeed mean business,",Twitter for Android,1,1,0,0,,"Bolton, England",
154,2015-09-14 13:05:05+00:00,solidariteit,The most stolen car in South Africa... http://t.co/LZsrRub4aE via @Fin24,Twitter Web Client,0,1,0,0,,Suid-Afrika,
155,2015-09-14 13:03:17+00:00,pretoriuslhl,The most stolen car in South Africa... http://t.co/5WjGr8MqSC via @Fin24,Twitter Web Client,0,0,0,0,,Around the World,
156,2015-09-14 12:10:35+00:00,virgo4africa,The most stolen car in South Africa - http://t.co/QZIf74MkDn http://t.co/HknlowMvHN,Facebook,0,0,0,0,,South Africa,
157,2015-09-14 11:09:30+00:00,Radio702,What's the most stolen car in South Africa? @Azania_ checks out the list. Call 011 883 0702 or email azania@702.co.za,TweetDeck,1,1,9,0,,"Gauteng, South Africa",
158,2015-09-14 11:07:22+00:00,MSNSouthAfrica,The most stolen car in South Africa... - http://t.co/AZLKc0lYLk,Twitter Web Client,0,0,0,0,,"Cape Town, South Africa",
159,2015-09-14 10:34:32+00:00,rickcrouchpi,The most stolen car in South Africa... http://t.co/KZYuxjvonb via @Fin24 @rickcrouchassoc,Twitter Web Client,0,0,0,0,,South Africa | Worldwide,
160,2015-09-14 10:00:02+00:00,KDS7CPF,The most stolen car in South Africa... http://t.co/oUIKmuHsJw,Facebook,0,0,0,0,,Krugersdorp,
161,2015-09-14 09:24:41+00:00,N_Kwankwa,The most stolen car in South Africa... http://t.co/huQQVrplgt,Facebook,0,0,0,0,,Cape Town,
162,2015-09-14 08:48:24+00:00,News24_Business,The most stolen car in South Africa is...Do you agree with the list? We'll compile our own list based on user feedback: Editor@fin24.com,Twitter Web Client,0,2,0,0,,"Cape Town, Johannesburg",
163,2015-09-14 07:01:29+00:00,AugustduPreez1,The most stolen car in South Africa... http://t.co/guROBYVRmp via @Fin24 ---- Een  Elke 9 minute!! gaan kyk of joune nog daar is!,Twitter Web Client,0,0,0,0,,Trafalgar KZN,
164,2015-09-14 06:41:00+00:00,saidcetinkaya,The most stolen car in South Africa... http://t.co/1PVhr6vvS5,Twitter for Android,0,0,0,0,,South Africa,
165,2015-09-14 04:49:13+00:00,slang777,The most stolen car in South Africa... http://t.co/yPPBnDmN5T,Twitter Web Client,0,0,0,0,,South Africa,
166,2015-09-14 04:04:45+00:00,ChibutaMatanga,The most stolen car in South Africa... http://t.co/RQXWJyFbMH,Twitter Web Client,0,0,0,0,,"Khartoum, Sudan ",
167,2015-09-14 04:01:58+00:00,Sbuwise,http://t.co/djhleJNMcr The most stolen car in South Africa... (via @News24),Twitter for Android,0,0,0,0,,"Durban,South Africa.ZA","Coordinates(longitude=30.9119502, latitude=-29.7230138)"
168,2015-09-13 22:11:55+00:00,Daniel_Mulaudzi,The most stolen car in South Africa... http://t.co/d1ofwc7xr3 (via ),Twitter for Android,0,0,0,0,,South Africa,
169,2015-09-13 22:05:28+00:00,SAcrimefighters,The most stolen car in South Africa is T.. http://t.co/tB2q3cFH6j,Twitter for Android,1,8,0,0,,South Africa,
170,2015-09-13 18:14:19+00:00,ImaPeter,The most stolen car in South Africa...*SO glad I don't drive any of those makes* http://t.co/89mNaFH5wT via @Fin24,Twitter Web Client,0,0,0,0,,South Africa ,
171,2015-09-13 17:30:58+00:00,djthabithabs,Stoep News: What do you think is the most stolen car in south Africa?? #Stope992,Twitter for BlackBerry¬Æ,0,0,2,0,,Tembisa,
172,2015-09-13 16:55:33+00:00,kristal_mopt,"The polo ""@Yfm: Stoep News: What do you think is the most stolen car in south Africa?? #Stope992 http://t.co/gZKLh3H6wo""",Twitter for BlackBerry¬Æ,0,0,0,0,"[Photo(previewUrl='https://pbs.twimg.com/media/COzAauXU8AAPgiz?format=jpg&name=small', fullUrl='https://pbs.twimg.com/media/COzAauXU8AAPgiz?format=jpg&name=large')]",3rd world,
173,2015-09-13 16:54:16+00:00,Brinomash,Polo RT @Yfm: Stoep News: What do you think is the most stolen car in south Africa??  #Stope992 http://t.co/oYz5qoCzf6,Echofon,0,0,0,0,"[Photo(previewUrl='https://pbs.twimg.com/media/COzAauXU8AAPgiz?format=jpg&name=small', fullUrl='https://pbs.twimg.com/media/COzAauXU8AAPgiz?format=jpg&name=large')]",South Africa,
174,2015-09-13 16:34:21+00:00,Yfm,Stoep News: What do you think is the most stolen car in south Africa??  #Stope992 http://t.co/OJ6aBRhhfA,Sprout Social,1,3,27,0,"[Photo(previewUrl='https://pbs.twimg.com/media/COzAauXU8AAPgiz?format=jpg&name=small', fullUrl='https://pbs.twimg.com/media/COzAauXU8AAPgiz?format=jpg&name=large')]",Gauteng,
175,2015-09-13 16:15:21+00:00,kotze_louis,The most stolen car in South Africa... http://t.co/i7gfiTnCnY http://t.co/WOdpedVj2Z,iOS,0,0,0,0,"[Photo(previewUrl='https://pbs.twimg.com/media/COy8Ei9WoAAWLGn?format=jpg&name=small', fullUrl='https://pbs.twimg.com/media/COy8Ei9WoAAWLGn?format=jpg&name=large')]",South Africa,
176,2015-09-13 16:10:24+00:00,Mshula,The most stolen car in South Africa...... http://t.co/u2bCVs1lWr,Facebook,0,0,0,0,,"IBhayi, Gqeberha",
177,2015-09-13 13:01:34+00:00,andirabintang94,#KCA #VoteJKT48ID ernieball40: The most stolen car in South Africa...,IFTTT,0,0,0,0,,,
178,2015-09-13 13:00:18+00:00,ernieball40,The most stolen car in South Africa... http://t.co/defSsLka77,Facebook,0,0,0,0,,Bellville,
179,2015-09-13 12:31:36+00:00,izeman,The most stolen car in South Africa... http://t.co/smorLlWOJI,Facebook,0,0,0,0,,"Simon's Town, South Africa",
180,2015-09-13 11:38:19+00:00,BertusLaas,"The most stolen car in South Africa... http://t.co/R3lIDEEv6n via @Fin24 ""My car is no 3 on the list, not cool""",Twitter Web Client,0,0,0,0,,"Malmesbury, South Africa",
181,2015-09-13 11:04:29+00:00,JoburgRSA,The most stolen car in South Africa... http://t.co/VHdlkSiDmu http://t.co/H5zdjMxwls,iOS,0,2,0,0,"[Photo(previewUrl='https://pbs.twimg.com/media/COx06y0WwAA9E-Y?format=jpg&name=small', fullUrl='https://pbs.twimg.com/media/COx06y0WwAA9E-Y?format=jpg&name=large')]",Johannesburg SA,
182,2015-09-13 09:47:25+00:00,SperaDidiza,The most stolen car in South Africa... http://t.co/8jsSufPlFu,Facebook,0,0,0,0,,South Africa,
183,2015-09-13 09:44:15+00:00,Kaycee_Rossouw,Algoa FM | The most stolen car in South Africa... http://t.co/tJY63t5T7f,Twitter Web Client,0,0,0,0,,,
184,2015-09-13 09:32:29+00:00,DigitalICT2,#digitalict #UntilEternity http://t.co/4yjoYpdVuf | The most stolen car in South Africa... http://t.co/LXzcnnZfZX,Hootsuite,0,0,0,0,,Durban,
185,2015-09-13 09:31:02+00:00,andirabintang94,#KCA #VoteJKT48ID ZABulletin:  | The most stolen car in South Africa... |,IFTTT,0,0,0,0,,,
186,2015-09-13 09:26:09+00:00,N_H_Africa,http://t.co/IvtZUzg3yp | The most stolen car in South Africa... http://t.co/jDph6BjAZj,IFTTT,0,0,0,0,,,
187,2015-09-13 09:17:31+00:00,MGontest,a√±sjkdhf√±akjshdnf √± http://t.co/YtTKhKU7q5 | The most stolen car in South Africa... http://t.co/Doh9Oat4Uf,Hootsuite,0,0,0,0,,,
188,2015-09-13 09:15:15+00:00,News24_Business,The most stolen car in South Africa... http://t.co/t8zSCqxZJn,Fin24Tweeter,3,7,0,0,,"Cape Town, Johannesburg",
189,2015-08-27 08:57:18+00:00,MisturrZik,"South Africa Police Recover Stolen Car 22 Years After  
SEE DETAILS HERE&gt;&gt; http://t.co/AgbZMnCpOF http://t.co/szlmpZHi8L",Facebook,0,0,0,0,,worldwide,
190,2015-08-26 13:20:27+00:00,chatter_ng,"SOUTH AFRiCA: Man Finds His Stolen Car After 22 Years, Decides To Give It Away http://t.co/gXWsZ3hm0t",ChatterNg,0,0,0,0,,Nigeria,"Coordinates(longitude=7.003183, latitude=4.828516)"
191,2015-08-26 12:59:37+00:00,Naijawhatsup,"SOUTH AFRiCA: Man Finds His Stolen Car After 22 Years, Decides To Give It Away http://t.co/ehcqUCDnLx",twitterfeed,0,0,0,0,,Nigeria,
192,2015-08-07 21:56:03+00:00,SadzaWithChips,üëÄüòÇ‚Äú@ReutersAfrica: In other news: Stolen car returned to South African owner after 22 years  #SouthAfrica  http://t.co/xJqgEkFhSn‚Äù,Twitter for iPad,0,1,0,0,,,
193,2015-08-07 03:15:16+00:00,gistpunch,South Africa Police Recover Stolen Car 22 Years After http://t.co/1uuGK2YyLg,IFTTT,0,0,0,0,,Lagos,
194,2015-08-06 22:50:49+00:00,AfriCentricNews,'I Was Just Doing My Job' - Cop Who Found Stolen Car 22 Years Later #Headlines #South-Africa http://t.co/TfabdE2Sft,AfriCentric News,0,0,0,0,,,
195,2015-08-06 17:14:00+00:00,757Live,#South Africa police 'recover stolen car 22 years ago' - BBC News http://t.co/PgqtlUzSzC,IFTTT,0,0,0,0,,Breaking News,
196,2015-08-06 14:17:56+00:00,sebberigi,"South Africa police 'recover stolen car 22 years ago' - http://t.co/01Dg20RI82
Jag √§lskar lyckliga slut.",Twitter for Android,0,0,0,0,,,"Coordinates(longitude=17.7601322, latitude=59.2271383)"
197,2015-08-06 13:47:55+00:00,sanjeev911,South Africa police 'recover stolen car 22 years ago' adangoppanthamarabharaniaaathla.... http://t.co/RejuXLzX67,iOS,0,0,0,0,,"Esslingen am Neckar, Germany",
198,2015-08-06 13:13:13+00:00,cheetahsoul,South Africa police 'recover stolen car 22 years ago' http://t.co/rj5NXzrnDH,iOS,1,1,1,0,,Somewhere,
199,2015-08-06 13:11:23+00:00,Cods27,South Africa police 'recover stolen car 22 years ago' http://t.co/jSYuLPKwLv,Flipboard,0,0,0,0,,"Johannesburg, South Africa",
200,2015-08-06 11:53:48+00:00,Maryca26,South Africa police 'recover stolen car 22 years ago' http://t.co/1qZrFKJHhz,iOS,0,0,0,0,,            M√âXICO,
201,2015-08-06 11:04:29+00:00,MisturrZik,"South Africa Police Recover Stolen Car 22 Years After  
SEE DETAILS HERE&gt;&gt; http://t.co/LbWtYglI2f http://t.co/eoPKRASNAG",Facebook,0,0,0,0,,worldwide,
202,2015-08-06 11:04:28+00:00,Plush_Civvies,"South Africa Police Recover Stolen Car 22 Years After  
SEE DETAILS HERE&gt;&gt; http://t.co/6fOcxqGBxo http://t.co/AkGy22onSX",Facebook,0,0,0,0,,LAGOS NIGERIA ,
203,2015-08-06 11:04:20+00:00,MisturrZik,"South Africa Police Recover Stolen Car 22 Years After  
SEE DETAILS HERE&gt;&gt; http://t.co/LbWtYglI2f http://t.co/EjE7e7Po0A",Facebook,0,0,0,0,,worldwide,
204,2015-08-06 10:11:26+00:00,infonaija,"South Africa Police Recover Stolen Car 22 Years After [PHOTO]

more details ==&gt; http://t.co/REw4C25IyW",Facebook,0,2,0,0,,Nigeria,
205,2015-08-06 09:19:48+00:00,cpii__,South Africa police 'recover stolen car 22 years ago' - http://t.co/Qu08knvS6B,Twitter for Android,0,0,0,0,,Tanzania,"Coordinates(longitude=31.9915658, latitude=-9.7188183)"
206,2015-08-06 08:34:11+00:00,YouthiMagazine,"Great work @SAPoliceService ""Stolen car returned to South African owner after 22 years"" @ReutersAfrica #SouthAfrica http://t.co/KRWwhPwLeg‚Ä¶""",Twitter for BlackBerry¬Æ,1,0,0,0,,"Cape Town, South Africa",
207,2015-08-06 08:06:21+00:00,ReutersAfrica,In other news: Stolen car returned to South African owner after 22 years  #SouthAfrica  http://t.co/1lxycPFAIw,Twitter Web Client,1,13,3,0,,,
208,2015-08-06 07:44:31+00:00,giapmos,South Africa police 'recover stolen car 22 years ago' http://t.co/XNez5AvWCq,iOS,0,0,0,0,,,
209,2015-08-06 06:52:54+00:00,khomo_tso,:')RT@Gawiesnr: #SAPS eventually solve a crime.....#BBC News - South Africa police 'recover stolen car 22 years ago' http://t.co/7MlBwsfPsj‚Ä¶,Twitter for BlackBerry¬Æ,0,0,0,0,,South Africa,
210,2015-08-06 06:26:50+00:00,YandeStudios,"South Africa police 'recover stolen car 22 years ago'

Read on http://t.co/qEMN2idTgE
#news #nigerian #blog #read https://t.co/UKHtzYzRSl",Instagram,0,0,2,0,,Nigeria,
211,2015-08-06 05:07:34+00:00,Shahzad_Khan09,South Africa police 'recover stolen car 22 years ago' - http://t.co/RCmLZ0XY2G,Twitter for Android,0,0,0,0,,Karachi,
